net,length_um
_073_,111.94µm
_071_,102.72µm
_030_,97.46µm
net34,88.92µm
_031_,78.84µm
net32,65.32µm
_068_,51.05µm
net19,48.41µm
net33,43.35µm
net31,43µm
net30,37.86µm
net6,35.26µm
net35,34.27µm
_067_,32.68µm
net8,32.41µm
net16,31.06µm
net2,28.26µm
net9,28.04µm
b[7],26.29µm
_060_,26.1µm
_044_,25.5µm
net7,24.115µm
_050_,23.88µm
net39,23.62µm
_056_,23.1µm
_011_,22.74µm
net24,22.46µm
net1,22.07µm
net18,21.92µm
_010_,21.32µm
net5,20.37µm
_027_,20.32µm
_039_,20.22µm
_077_,19.44µm
_051_,18.68µm
_026_,18.56µm
net4,18.52µm
a[3],18.34µm
result[5],17.96µm
result[2],17.92µm
_042_,17.86µm
_062_,17.34µm
net17,17.32µm
_085_,17.16µm
net25,17.14µm
_025_,16.96µm
net3,16.85µm
net12,16.44µm
_086_,16.26µm
opcode[0],16.23µm
_029_,16.1µm
a[6],16.09µm
_041_,16.06µm
_075_,16.06µm
_079_,15.9µm
_038_,15.86µm
_055_,15.82µm
_052_,15.72µm
b[3],15.72µm
opcode[2],15.01µm
b[2],14.56µm
_053_,14.36µm
_058_,14.36µm
b[4],14.22µm
net21,13.98µm
_064_,13.96µm
net11,13.96µm
opcode[1],13.77µm
net22,13.76µm
a[4],13.5µm
result[4],13.34µm
result[6],13.33µm
_034_,13.26µm
_015_,13µm
_081_,12.92µm
a[2],12.78µm
b[0],12.63µm
_061_,12.62µm
_059_,12.44µm
_033_,12.42µm
b[5],12.41µm
b[6],12.41µm
_045_,12.34µm
a[5],12.32µm
_036_,12µm
net26,12µm
net28,11.58µm
result[3],11.3µm
net37,11.28µm
_072_,11.24µm
result[1],11.21µm
_017_,11.14µm
a[0],10.93µm
_087_,10.9µm
net23,10.88µm
_028_,10.84µm
overflow,10.73µm
result[0],10.53µm
_014_,10.46µm
net14,10.4µm
net27,10.32µm
net10,10µm
_037_,9.98µm
b[1],9.57µm
_006_,9.36µm
_023_,9.08µm
_047_,9.08µm
net29,9.08µm
_069_,8.98µm
a[7],8.89µm
_046_,8.58µm
a[1],8.55µm
_065_,8.2µm
net20,8.16µm
_080_,8.14µm
_021_,8.02µm
_002_,7.92µm
net13,7.78µm
_089_,7.68µm
result[7],7.65µm
net36,7.4µm
_088_,7.36µm
zero,7.31µm
_016_,7.28µm
_009_,6.76µm
_000_,6.72µm
_018_,6.6µm
_066_,6.6µm
_035_,6.48µm
_024_,6.36µm
net15,6.26µm
_070_,6.06µm
_083_,6.06µm
_054_,6.02µm
_001_,5.765µm
_048_,5.34µm
net38,5.28µm
_007_,5.22µm
_043_,5.14µm
_057_,5.14µm
_005_,5.1µm
_032_,5.1µm
_082_,4.8µm
_004_,4.57µm
_078_,4.56µm
_049_,4.34µm
_090_,3.88µm
_003_,3.76µm
_019_,3.66µm
_020_,3.56µm
_040_,3.54µm
_076_,3.1µm
_074_,2.86µm
_091_,2.64µm
_008_,2.62µm
_022_,2.38µm
_084_,2.3µm
_063_,2.04µm
_013_,1.6µm
_012_,0.46µm
