Instance,Terminal,Layer,X location,Y location,Voltage
FILLER_15_88,VPWR,li1,46.6900,51.6800,1.799977
FILLER_15_85,VPWR,li1,45.3100,51.6800,1.799977
FILLER_15_83,VPWR,li1,43.9300,51.6800,1.799977
FILLER_15_80,VPWR,li1,43.0100,51.6800,1.799977
FILLER_15_77,VPWR,li1,41.6300,51.6800,1.799977
FILLER_15_68,VPWR,li1,37.0300,51.6800,1.799978
FILLER_15_65,VPWR,li1,36.1100,51.6800,1.799978
FILLER_15_53,VPWR,li1,30.5900,51.6800,1.799979
FILLER_15_50,VPWR,li1,29.2100,51.6800,1.799979
FILLER_15_29,VPWR,li1,19.5500,51.6800,1.799984
FILLER_15_27,VPWR,li1,18.1700,51.6800,1.799984
FILLER_15_24,VPWR,li1,17.2500,51.6800,1.799983
FILLER_15_21,VPWR,li1,15.8700,51.6800,1.799983
FILLER_14_88,VPWR,li1,46.6900,51.6800,1.799977
FILLER_14_85,VPWR,li1,45.3100,51.6800,1.799977
FILLER_14_81,VPWR,li1,43.4700,51.6800,1.799977
FILLER_14_62,VPWR,li1,34.2700,51.6800,1.799978
FILLER_14_59,VPWR,li1,33.3500,51.6800,1.799978
FILLER_14_29,VPWR,li1,19.3200,51.6800,1.799984
FILLER_14_27,VPWR,li1,18.1700,51.6800,1.799984
FILLER_14_24,VPWR,li1,17.2500,51.6800,1.799983
FILLER_13_90,VPWR,li1,47.1500,46.2400,1.799979
FILLER_13_87,VPWR,li1,46.2300,46.2400,1.799979
FILLER_13_84,VPWR,li1,44.8500,46.2400,1.799979
FILLER_13_64,VPWR,li1,35.4200,46.2400,1.799980
FILLER_13_55,VPWR,li1,31.0500,46.2400,1.799982
FILLER_13_43,VPWR,li1,25.5300,46.2400,1.799984
FILLER_13_28,VPWR,li1,18.8600,46.2400,1.799983
FILLER_12_88,VPWR,li1,46.6900,46.2400,1.799979
FILLER_12_85,VPWR,li1,45.3100,46.2400,1.799979
FILLER_12_83,VPWR,li1,43.9300,46.2400,1.799979
FILLER_12_80,VPWR,li1,43.0100,46.2400,1.799979
FILLER_12_65,VPWR,li1,35.6500,46.2400,1.799980
FILLER_12_62,VPWR,li1,34.7300,46.2400,1.799980
FILLER_12_59,VPWR,li1,33.3500,46.2400,1.799981
FILLER_12_56,VPWR,li1,31.9700,46.2400,1.799981
FILLER_12_53,VPWR,li1,30.5900,46.2400,1.799982
FILLER_12_47,VPWR,li1,27.3700,46.2400,1.799983
FILLER_12_27,VPWR,li1,18.1700,46.2400,1.799983
FILLER_11_67,VPWR,li1,36.8000,40.8000,1.799958
FILLER_11_53,VPWR,li1,30.5900,40.8000,1.799964
FILLER_11_50,VPWR,li1,29.2100,40.8000,1.799966
FILLER_11_46,VPWR,li1,26.9100,40.8000,1.799968
FILLER_11_43,VPWR,li1,25.9900,40.8000,1.799968
FILLER_11_15,VPWR,li1,12.6500,40.8000,1.799967
FILLER_10_90,VPWR,li1,47.1500,40.8000,1.799955
FILLER_10_58,VPWR,li1,32.4300,40.8000,1.799962
FILLER_10_55,VPWR,li1,31.5100,40.8000,1.799964
FILLER_10_36,VPWR,li1,22.3100,40.8000,1.799973
FILLER_10_25,VPWR,li1,17.7100,40.8000,1.799972
FILLER_10_12,VPWR,li1,11.2700,40.8000,1.799967
FILLER_9_88,VPWR,li1,46.6900,35.3600,1.799976
FILLER_9_85,VPWR,li1,45.3100,35.3600,1.799976
FILLER_9_73,VPWR,li1,39.7900,35.3600,1.799976
FILLER_9_57,VPWR,li1,32.4300,35.3600,1.799979
FILLER_9_54,VPWR,li1,30.8200,35.3600,1.799980
FILLER_9_51,VPWR,li1,29.6700,35.3600,1.799980
FILLER_9_43,VPWR,li1,25.5300,35.3600,1.799983
FILLER_9_26,VPWR,li1,17.9400,35.3600,1.799986
FILLER_9_12,VPWR,li1,11.2700,35.3600,1.799985
FILLER_8_88,VPWR,li1,46.6900,35.3600,1.799976
FILLER_8_85,VPWR,li1,45.3100,35.3600,1.799976
FILLER_8_81,VPWR,li1,43.4700,35.3600,1.799976
FILLER_8_71,VPWR,li1,38.4100,35.3600,1.799977
FILLER_8_68,VPWR,li1,37.4900,35.3600,1.799977
FILLER_8_48,VPWR,li1,28.0600,35.3600,1.799982
FILLER_8_42,VPWR,li1,25.3000,35.3600,1.799983
FILLER_8_36,VPWR,li1,22.5400,35.3600,1.799985
FILLER_7_67,VPWR,li1,37.0300,29.9200,1.799983
FILLER_7_55,VPWR,li1,31.0500,29.9200,1.799984
FILLER_7_52,VPWR,li1,30.1300,29.9200,1.799985
FILLER_7_49,VPWR,li1,28.7500,29.9200,1.799985
FILLER_6_88,VPWR,li1,46.6900,29.9200,1.799981
FILLER_6_85,VPWR,li1,45.3100,29.9200,1.799981
FILLER_6_62,VPWR,li1,34.5000,29.9200,1.799983
FILLER_6_59,VPWR,li1,33.3500,29.9200,1.799983
FILLER_6_47,VPWR,li1,27.3700,29.9200,1.799986
FILLER_6_44,VPWR,li1,26.4500,29.9200,1.799986
FILLER_6_29,VPWR,li1,19.0900,29.9200,1.799987
FILLER_6_3,VPWR,li1,7.5900,29.9200,1.799985
FILLER_5_81,VPWR,li1,43.2400,24.4800,1.799964
FILLER_5_53,VPWR,li1,30.5900,24.4800,1.799972
FILLER_5_41,VPWR,li1,24.8400,24.4800,1.799975
FILLER_5_38,VPWR,li1,23.6900,24.4800,1.799977
FILLER_5_35,VPWR,li1,22.3100,24.4800,1.799977
FILLER_5_26,VPWR,li1,18.1700,24.4800,1.799977
FILLER_4_88,VPWR,li1,46.6900,24.4800,1.799963
FILLER_4_85,VPWR,li1,45.3100,24.4800,1.799963
FILLER_4_65,VPWR,li1,35.6500,24.4800,1.799967
FILLER_4_56,VPWR,li1,31.9700,24.4800,1.799970
FILLER_4_53,VPWR,li1,30.5900,24.4800,1.799972
FILLER_4_50,VPWR,li1,29.2100,24.4800,1.799972
FILLER_4_47,VPWR,li1,27.8300,24.4800,1.799973
FILLER_4_42,VPWR,li1,25.0700,24.4800,1.799975
FILLER_4_26,VPWR,li1,17.9400,24.4800,1.799977
FILLER_3_82,VPWR,li1,43.4700,19.0400,1.799959
FILLER_3_71,VPWR,li1,38.6400,19.0400,1.799962
FILLER_3_27,VPWR,li1,18.1700,19.0400,1.799981
FILLER_3_24,VPWR,li1,17.2500,19.0400,1.799980
FILLER_3_12,VPWR,li1,11.7300,19.0400,1.799979
FILLER_3_3,VPWR,li1,7.1300,19.0400,1.799979
FILLER_2_88,VPWR,li1,46.6900,19.0400,1.799959
FILLER_2_85,VPWR,li1,45.3100,19.0400,1.799959
FILLER_2_82,VPWR,li1,43.7000,19.0400,1.799959
FILLER_2_64,VPWR,li1,35.4200,19.0400,1.799964
FILLER_2_27,VPWR,li1,18.1700,19.0400,1.799981
FILLER_2_11,VPWR,li1,11.0400,19.0400,1.799979
FILLER_1_88,VPWR,li1,46.6900,13.6000,1.799978
FILLER_1_72,VPWR,li1,39.3300,13.6000,1.799978
FILLER_1_69,VPWR,li1,37.9500,13.6000,1.799978
FILLER_1_66,VPWR,li1,36.5700,13.6000,1.799978
FILLER_1_57,VPWR,li1,31.9700,13.6000,1.799979
FILLER_1_27,VPWR,li1,18.4000,13.6000,1.799983
FILLER_1_24,VPWR,li1,17.2500,13.6000,1.799982
FILLER_0_88,VPWR,li1,46.6900,13.6000,1.799978
FILLER_0_85,VPWR,li1,45.3100,13.6000,1.799978
FILLER_0_83,VPWR,li1,43.9300,13.6000,1.799978
FILLER_0_80,VPWR,li1,43.0100,13.6000,1.799978
FILLER_0_77,VPWR,li1,41.6300,13.6000,1.799978
FILLER_0_74,VPWR,li1,40.2500,13.6000,1.799978
FILLER_0_71,VPWR,li1,38.8700,13.6000,1.799978
FILLER_0_68,VPWR,li1,37.4900,13.6000,1.799978
FILLER_0_65,VPWR,li1,36.1100,13.6000,1.799978
FILLER_0_62,VPWR,li1,34.7300,13.6000,1.799979
FILLER_0_32,VPWR,li1,20.9300,13.6000,1.799985
FILLER_0_29,VPWR,li1,19.5500,13.6000,1.799983
rebuffer39,VPWR,li1,26.2200,24.4800,1.799975
rebuffer38,VPWR,li1,32.6600,19.0400,1.799967
rebuffer37,VPWR,li1,19.7800,46.2400,1.799984
rebuffer36,VPWR,li1,17.2500,40.8000,1.799972
rebuffer35,VPWR,li1,26.6800,35.3600,1.799983
rebuffer34,VPWR,li1,7.8200,46.2400,1.799978
rebuffer33,VPWR,li1,23.9200,35.3600,1.799985
fanout32,VPWR,li1,30.8200,51.6800,1.799979
fanout31,VPWR,li1,13.1100,51.6800,1.799982
max_cap30,VPWR,li1,25.3000,29.9200,1.799987
output29,VPWR,li1,8.9700,35.3600,1.799984
output28,VPWR,li1,8.9700,40.8000,1.799966
output27,VPWR,li1,26.2200,51.6800,1.799981
output26,VPWR,li1,41.8600,40.8000,1.799955
output25,VPWR,li1,45.5400,24.4800,1.799963
output24,VPWR,li1,45.5400,19.0400,1.799959
output23,VPWR,li1,20.7000,13.6000,1.799985
output22,VPWR,li1,12.4200,24.4800,1.799972
output21,VPWR,li1,12.4200,24.4800,1.799972
output20,VPWR,li1,9.6600,40.8000,1.799966
input19,VPWR,li1,15.1800,29.9200,1.799986
input18,VPWR,li1,8.9700,51.6800,1.799981
input17,VPWR,li1,13.3400,29.9200,1.799985
input16,VPWR,li1,12.8800,35.3600,1.799985
input15,VPWR,li1,22.0800,51.6800,1.799985
input14,VPWR,li1,39.1000,51.6800,1.799977
input13,VPWR,li1,39.5600,29.9200,1.799982
input12,VPWR,li1,37.7200,24.4800,1.799966
input11,VPWR,li1,27.1400,13.6000,1.799982
input10,VPWR,li1,8.7400,13.6000,1.799980
input9,VPWR,li1,8.7400,24.4800,1.799972
input8,VPWR,li1,8.7400,51.6800,1.799981
input7,VPWR,li1,33.5800,51.6800,1.799978
input6,VPWR,li1,45.5400,40.8000,1.799955
input5,VPWR,li1,42.3200,29.9200,1.799981
input4,VPWR,li1,36.8000,24.4800,1.799967
input3,VPWR,li1,23.4600,13.6000,1.799983
input2,VPWR,li1,8.7400,19.0400,1.799979
input1,VPWR,li1,8.7400,24.4800,1.799972
TAP_TAPCELL_ROW_15_58,VPWR,li1,44.3900,51.9860,1.799977
TAP_TAPCELL_ROW_15_57,VPWR,li1,31.5100,51.9860,1.799979
TAP_TAPCELL_ROW_15_56,VPWR,li1,18.6300,51.9860,1.799984
TAP_TAPCELL_ROW_14_55,VPWR,li1,44.3900,51.3730,1.799977
TAP_TAPCELL_ROW_14_54,VPWR,li1,18.6300,51.3730,1.799984
TAP_TAPCELL_ROW_13_53,VPWR,li1,31.5100,46.5460,1.799982
TAP_TAPCELL_ROW_12_52,VPWR,li1,44.3900,45.9330,1.799979
TAP_TAPCELL_ROW_12_51,VPWR,li1,18.6300,45.9330,1.799983
TAP_TAPCELL_ROW_11_50,VPWR,li1,31.5100,41.1060,1.799964
TAP_TAPCELL_ROW_10_49,VPWR,li1,44.3900,40.4930,1.799955
TAP_TAPCELL_ROW_10_48,VPWR,li1,18.6300,40.4930,1.799972
TAP_TAPCELL_ROW_9_47,VPWR,li1,31.5100,35.6660,1.799979
TAP_TAPCELL_ROW_8_46,VPWR,li1,44.3900,35.0530,1.799976
TAP_TAPCELL_ROW_8_45,VPWR,li1,18.6300,35.0530,1.799986
TAP_TAPCELL_ROW_7_44,VPWR,li1,31.5100,30.2260,1.799984
TAP_TAPCELL_ROW_6_43,VPWR,li1,44.3900,29.6130,1.799981
TAP_TAPCELL_ROW_6_42,VPWR,li1,18.6300,29.6130,1.799986
TAP_TAPCELL_ROW_5_41,VPWR,li1,31.5100,24.7860,1.799970
TAP_TAPCELL_ROW_4_40,VPWR,li1,44.3900,24.1730,1.799964
TAP_TAPCELL_ROW_4_39,VPWR,li1,18.6300,24.1730,1.799977
TAP_TAPCELL_ROW_3_38,VPWR,li1,31.5100,19.3460,1.799967
TAP_TAPCELL_ROW_2_37,VPWR,li1,44.3900,18.7330,1.799959
TAP_TAPCELL_ROW_2_36,VPWR,li1,18.6300,18.7330,1.799981
TAP_TAPCELL_ROW_1_35,VPWR,li1,31.5100,13.9060,1.799980
TAP_TAPCELL_ROW_0_34,VPWR,li1,44.3900,13.2930,1.799978
TAP_TAPCELL_ROW_0_33,VPWR,li1,31.5100,13.2930,1.799980
TAP_TAPCELL_ROW_0_32,VPWR,li1,18.6300,13.2930,1.799983
PHY_EDGE_ROW_15_Left_31,VPWR,li1,6.2100,51.6800,1.799981
PHY_EDGE_ROW_14_Left_30,VPWR,li1,6.2100,51.6800,1.799981
PHY_EDGE_ROW_13_Left_29,VPWR,li1,6.2100,46.2400,1.799978
PHY_EDGE_ROW_12_Left_28,VPWR,li1,6.2100,46.2400,1.799978
PHY_EDGE_ROW_11_Left_27,VPWR,li1,6.2100,40.8000,1.799966
PHY_EDGE_ROW_10_Left_26,VPWR,li1,6.2100,40.8000,1.799966
PHY_EDGE_ROW_9_Left_25,VPWR,li1,6.2100,35.3600,1.799984
PHY_EDGE_ROW_8_Left_24,VPWR,li1,6.2100,35.3600,1.799984
PHY_EDGE_ROW_7_Left_23,VPWR,li1,6.2100,29.9200,1.799985
PHY_EDGE_ROW_6_Left_22,VPWR,li1,6.2100,29.9200,1.799985
PHY_EDGE_ROW_5_Left_21,VPWR,li1,6.2100,24.4800,1.799972
PHY_EDGE_ROW_4_Left_20,VPWR,li1,6.2100,24.4800,1.799972
PHY_EDGE_ROW_3_Left_19,VPWR,li1,6.2100,19.0400,1.799979
PHY_EDGE_ROW_2_Left_18,VPWR,li1,6.2100,19.0400,1.799979
PHY_EDGE_ROW_1_Left_17,VPWR,li1,6.2100,13.6000,1.799980
PHY_EDGE_ROW_0_Left_16,VPWR,li1,6.2100,13.6000,1.799980
PHY_EDGE_ROW_15_Right_15,VPWR,li1,48.0700,51.6800,1.799977
PHY_EDGE_ROW_14_Right_14,VPWR,li1,48.0700,51.6800,1.799977
PHY_EDGE_ROW_13_Right_13,VPWR,li1,48.0700,46.2400,1.799979
PHY_EDGE_ROW_12_Right_12,VPWR,li1,48.0700,46.2400,1.799979
PHY_EDGE_ROW_11_Right_11,VPWR,li1,48.0700,40.8000,1.799955
PHY_EDGE_ROW_10_Right_10,VPWR,li1,48.0700,40.8000,1.799955
PHY_EDGE_ROW_9_Right_9,VPWR,li1,48.0700,35.3600,1.799976
PHY_EDGE_ROW_8_Right_8,VPWR,li1,48.0700,35.3600,1.799976
PHY_EDGE_ROW_7_Right_7,VPWR,li1,48.0700,29.9200,1.799981
PHY_EDGE_ROW_6_Right_6,VPWR,li1,48.0700,29.9200,1.799981
PHY_EDGE_ROW_5_Right_5,VPWR,li1,48.0700,24.4800,1.799963
PHY_EDGE_ROW_4_Right_4,VPWR,li1,48.0700,24.4800,1.799963
PHY_EDGE_ROW_3_Right_3,VPWR,li1,48.0700,19.0400,1.799959
PHY_EDGE_ROW_2_Right_2,VPWR,li1,48.0700,19.0400,1.799959
PHY_EDGE_ROW_1_Right_1,VPWR,li1,48.0700,13.6000,1.799978
PHY_EDGE_ROW_0_Right_0,VPWR,li1,48.0700,13.6000,1.799978
_193_,VPWR,li1,20.7000,35.3600,1.799987
_192_,VPWR,li1,34.0400,29.9200,1.799983
_191_,VPWR,li1,20.2400,24.4800,1.799979
_190_,VPWR,li1,23.9200,40.8000,1.799973
_189_,VPWR,li1,24.1500,40.8000,1.799970
_188_,VPWR,li1,27.6000,46.2400,1.799983
_187_,VPWR,li1,28.7500,46.2400,1.799983
_186_,VPWR,li1,21.3900,51.6800,1.799985
_185_,VPWR,li1,27.6000,40.8000,1.799968
_184_,VPWR,li1,27.3700,35.3600,1.799982
_183_,VPWR,li1,27.8300,40.8000,1.799966
_182_,VPWR,li1,25.9900,51.6800,1.799981
_181_,VPWR,li1,24.1500,35.3600,1.799985
_180_,VPWR,li1,32.2000,35.3600,1.799979
_179_,VPWR,li1,34.2700,40.8000,1.799960
_178_,VPWR,li1,37.9500,46.2400,1.799979
_177_,VPWR,li1,42.0900,46.2400,1.799979
_176_,VPWR,li1,37.7200,40.8000,1.799958
_175_,VPWR,li1,37.4900,35.3600,1.799977
_174_,VPWR,li1,41.6300,51.6800,1.799977
_173_,VPWR,li1,29.6700,35.3600,1.799980
_172_,VPWR,li1,40.7100,35.3600,1.799976
_171_,VPWR,li1,42.5500,35.3600,1.799976
_170_,VPWR,li1,38.8700,29.9200,1.799982
_169_,VPWR,li1,36.1100,29.9200,1.799983
_168_,VPWR,li1,35.1900,35.3600,1.799978
_167_,VPWR,li1,41.1700,19.0400,1.799961
_166_,VPWR,li1,40.7100,24.4800,1.799965
_165_,VPWR,li1,41.8600,24.4800,1.799965
_164_,VPWR,li1,34.0400,24.4800,1.799969
_163_,VPWR,li1,33.3500,24.4800,1.799969
_162_,VPWR,li1,29.6700,19.0400,1.799969
_161_,VPWR,li1,20.4700,19.0400,1.799982
_160_,VPWR,li1,24.6100,19.0400,1.799977
_159_,VPWR,li1,23.6900,19.0400,1.799977
_158_,VPWR,li1,26.9100,19.0400,1.799973
_157_,VPWR,li1,20.4700,19.0400,1.799982
_156_,VPWR,li1,23.4600,24.4800,1.799977
_155_,VPWR,li1,14.4900,19.0400,1.799980
_154_,VPWR,li1,9.2000,19.0400,1.799979
_153_,VPWR,li1,13.1100,19.0400,1.799980
_152_,VPWR,li1,16.3300,19.0400,1.799980
_151_,VPWR,li1,10.3500,29.9200,1.799985
_150_,VPWR,li1,15.8700,24.4800,1.799975
_149_,VPWR,li1,8.0500,29.9200,1.799985
_148_,VPWR,li1,16.5600,35.3600,1.799985
_147_,VPWR,li1,11.9600,29.9200,1.799985
_146_,VPWR,li1,8.9700,35.3600,1.799984
_145_,VPWR,li1,20.4700,40.8000,1.799975
_144_,VPWR,li1,14.2600,40.8000,1.799969
_143_,VPWR,li1,12.6500,35.3600,1.799985
_142_,VPWR,li1,11.2700,46.2400,1.799979
_141_,VPWR,li1,15.8700,46.2400,1.799981
_140_,VPWR,li1,14.0300,40.8000,1.799969
_139_,VPWR,li1,14.9500,46.2400,1.799981
_138_,VPWR,li1,20.4700,29.9200,1.799987
_137_,VPWR,li1,20.9300,40.8000,1.799975
_136_,VPWR,li1,20.4700,35.3600,1.799987
_135_,VPWR,li1,16.5600,29.9200,1.799986
_134_,VPWR,li1,15.6400,35.3600,1.799985
_133_,VPWR,li1,26.4500,24.4800,1.799975
_132_,VPWR,li1,31.5100,29.9200,1.799984
_131_,VPWR,li1,20.4700,29.9200,1.799987
_130_,VPWR,li1,17.7100,46.2400,1.799983
_129_,VPWR,li1,13.5700,51.6800,1.799982
_128_,VPWR,li1,9.8900,46.2400,1.799979
_127_,VPWR,li1,34.0400,40.8000,1.799962
_126_,VPWR,li1,34.5000,35.3600,1.799978
_125_,VPWR,li1,31.7400,19.0400,1.799967
_124_,VPWR,li1,36.5700,19.0400,1.799964
_123_,VPWR,li1,40.2500,19.0400,1.799961
_122_,VPWR,li1,35.1900,19.0400,1.799964
_121_,VPWR,li1,15.6400,13.6000,1.799982
_120_,VPWR,li1,15.8700,24.4800,1.799975
_119_,VPWR,li1,17.2500,29.9200,1.799986
_118_,VPWR,li1,13.5700,13.6000,1.799981
_117_,VPWR,li1,20.4700,24.4800,1.799979
_116_,VPWR,li1,9.8900,13.6000,1.799980
_115_,VPWR,li1,32.8900,13.6000,1.799979
_114_,VPWR,li1,29.9000,13.6000,1.799980
_113_,VPWR,li1,34.0400,13.6000,1.799979
_112_,VPWR,li1,30.1300,13.6000,1.799980
_111_,VPWR,li1,25.5300,13.6000,1.799982
_110_,VPWR,li1,43.0100,13.6000,1.799978
_109_,VPWR,li1,45.7700,40.8000,1.799955
_108_,VPWR,li1,42.0900,40.8000,1.799955
_107_,VPWR,li1,38.8700,40.8000,1.799957
_106_,VPWR,li1,44.3900,29.9200,1.799981
_105_,VPWR,li1,30.1300,40.8000,1.799964
_104_,VPWR,li1,40.7100,46.2400,1.799979
_103_,VPWR,li1,22.7700,46.2400,1.799986
_102_,VPWR,li1,33.3500,46.2400,1.799981
_101_,VPWR,li1,37.4900,46.2400,1.799979
_100_,VPWR,li1,37.4900,51.6800,1.799978
_099_,VPWR,li1,25.9900,46.2400,1.799984
_098_,VPWR,li1,22.3100,46.2400,1.799986
_097_,VPWR,li1,23.6900,29.9200,1.799987
_096_,VPWR,li1,28.7500,24.4800,1.799973
_095_,VPWR,li1,28.9800,29.9200,1.799985
_094_,VPWR,li1,27.3700,19.0400,1.799973
_093_,VPWR,li1,37.4900,19.0400,1.799962
_092_,VPWR,li1,30.1300,46.2400,1.799982
